Category_Father,Category_Name,Category_sons,Category_sons Name,Product Name,,image_url 1,image_url 2
1,DINH DƯỠNG THỰC VẬT,1.1,Phân Bón Hữu Cơ,Phân compost viên nén NPK 3-2-2,,https://res.cloudinary.com/dy6htecfm/image/upload/v1763388886/b-80om-sau-logo-min_pvk0ci.webp,
1,DINH DƯỠNG THỰC VẬT,1.1,Phân Bón Hữu Cơ,"Phân trùn quế Bentley Red đóng bao 5kg, 10kg, 20kg",,https://res.cloudinary.com/dy6htecfm/image/upload/v1763390461/phan-trun-que-song-hong-bao-5kg_vsy8m2.webp,https://res.cloudinary.com/dy6htecfm/image/upload/v1763390470/phan-trun-que-5kg-2_adxnxe.webp
1,DINH DƯỠNG THỰC VẬT,1.1,Phân Bón Hữu Cơ,Phân bò ủ hoai mục dạng bột,,https://res.cloudinary.com/dy6htecfm/image/upload/v1763390724/IMG_0906_y801wu.jpg,https://res.cloudinary.com/dy6htecfm/image/upload/v1763390751/75d855af-6fb6-45df-902f-3a364115c179_u5xka7.png
1,DINH DƯỠNG THỰC VẬT,1.1,Phân Bón Hữu Cơ,Phân gà lên men vi sinh bao 50kg,,https://res.cloudinary.com/dy6htecfm/image/upload/v1763390797/phan-ga_hrctqf.jpg,https://res.cloudinary.com/dy6htecfm/image/upload/v1763390901/phan-ga-len-men-bon-lot2.jpg_f2cfdd.webp
1,DINH DƯỠNG THỰC VẬT,1.1,Phân Bón Hữu Cơ,Phân rơm rạ compost NPK 2-1-1,,https://res.cloudinary.com/dy6htecfm/image/upload/v1763391094/ky_thuat_xu_ly_rom_ra_ba_con_nen_biet-1024x1024_jq88rp.jpg,
1,DINH DƯỠNG THỰC VẬT,1.1,Phân Bón Hữu Cơ,Phân bã mía ủ hoai mục,,https://res.cloudinary.com/dy6htecfm/image/upload/v1763391349/phan-mun-mia-sfarm-2kg-800x800_jbzjnf.jpg,
1,DINH DƯỠNG THỰC VẬT,1.1,Phân Bón Hữu Cơ,Phân bã cà phê lên men,,https://res.cloudinary.com/dy6htecfm/image/upload/v1763391554/base64-16817000930721929163041-1681749924106426085792_kvu993.webp,
1,DINH DƯỠNG THỰC VẬT,1.1,Phân Bón Hữu Cơ,"Phân hữu cơ vi sinh Tribeco, Japfa, CP",,https://res.cloudinary.com/dy6htecfm/image/upload/v1763391616/972b418b-fa59-4b0e-81b6-a4c90d29b890_mym831.png,
1,DINH DƯỠNG THỰC VẬT,1.2,Phân Bón Vi Sinh,"EM (Effective Microorganisms) - EM1, EM-Pro",,https://res.cloudinary.com/dy6htecfm/image/upload/v1763391655/teraganix-soil-amendment-16oz-em-1-microbial-inoculant-soil-amendment-1159529253_kgeojb.webp,
1,DINH DƯỠNG THỰC VẬT,1.2,Phân Bón Vi Sinh,Trichoderma harzianum dạng bột WP,,https://res.cloudinary.com/dy6htecfm/image/upload/v1763391763/Che-pham-trichoderma-tuoi-cay-doi-khang-nam-benh_hpqgq2.webp,
1,DINH DƯỠNG THỰC VẬT,1.2,Phân Bón Vi Sinh,Bacillus subtilis 10^8 CFU/ml - Vi sinh vật có lợi,,https://res.cloudinary.com/dy6htecfm/image/upload/v1763391939/z2518223022774-272d86585a9aba0b910b0f6ae19b5f9a_ouftlu.jpg,
1,DINH DƯỠNG THỰC VẬT,1.2,Phân Bón Vi Sinh,Azotobacter chroococcum cố định đạm,,https://res.cloudinary.com/dy6htecfm/image/upload/v1763392034/phan-bon-vi-sinh-azoto-mat-sau_nbiy6k.jpg,
1,DINH DƯỠNG THỰC VẬT,1.2,Phân Bón Vi Sinh,Mycorrhiza VAM (Vesicular Arbuscular Mycorrhiza),,https://res.cloudinary.com/dy6htecfm/image/upload/v1763392081/00bf20f3-828e-41ec-98d1-e79029ecb68f_duc1ku.png,
1,DINH DƯỠNG THỰC VẬT,1.2,Phân Bón Vi Sinh,Rhizobium đậu tương chuyên dụng,,https://res.cloudinary.com/dy6htecfm/image/upload/v1763392134/9c3b93f5-b0d5-4155-b8ed-27c7be58cb33_bxlmtw.png,
1,DINH DƯỠNG THỰC VẬT,1.2,Phân Bón Vi Sinh,Pseudomonas fluorescens hòa tan lân,,https://res.cloudinary.com/dy6htecfm/image/upload/v1763392166/18dd74be6625175e74b08a7d9534316c_kw55nk.jpg,
1,DINH DƯỠNG THỰC VẬT,1.3,Phân Bón Hữu Cơ Vi Sinh,Phân NPK hữu cơ 5-5-5 + vi sinh,,https://res.cloudinary.com/dy6htecfm/image/upload/v1763395234/phan-bon-huu-co-khoang-minro-5-5-5-te-cover_t12ulq.jpg,
1,DINH DƯỠNG THỰC VẬT,1.3,Phân Bón Hữu Cơ Vi Sinh,Phân NPK hữu cơ 10-5-5 đa dụng,,https://res.cloudinary.com/dy6htecfm/image/upload/v1763395271/8015f451-7344-4819-a6ed-c9cac8721702_ydqila.png,
1,DINH DƯỠNG THỰC VẬT,1.3,Phân Bón Hữu Cơ Vi Sinh,Phân bón lá hữu cơ Humix,,https://res.cloudinary.com/dy6htecfm/image/upload/v1763395873/hinh_san_pham__4__c19f91335db34865899e8eaba7ee47ad_1024x1024_kn632l.png,
1,DINH DƯỠNG THỰC VẬT,1.3,Phân Bón Hữu Cơ Vi Sinh,Phân bón chuyên dụng cho cà phê hữu cơ,,https://res.cloudinary.com/dy6htecfm/image/upload/v1763395902/1224423-cafe_lmhqbn.jpg,
1,DINH DƯỠNG THỰC VẬT,1.3,Phân Bón Hữu Cơ Vi Sinh,Phân bón chuyên dụng cho rau hữu cơ,,https://res.cloudinary.com/dy6htecfm/image/upload/v1763395935/cd_rau_copy_ikme9q.jpg,
1,DINH DƯỠNG THỰC VẬT,1.3,Phân Bón Hữu Cơ Vi Sinh,Phân bón chuyên dụng cho cây ăn trái,,https://res.cloudinary.com/dy6htecfm/image/upload/v1763395958/dautrauchuyencayntrai_givrg7.jpg,
1,DINH DƯỠNG THỰC VẬT,1.4,Chất Cải Tạo Đất,Than sinh học (Biochar) từ trấu,,https://res.cloudinary.com/dy6htecfm/image/upload/v1763396002/trau-hun-nguyen-canh-sfarm-bao-bi-mat-truoc_qnqqdh.jpg,
1,DINH DƯỠNG THỰC VẬT,1.4,Chất Cải Tạo Đất,Vôi bột CaCO3 độ mịn 100 mesh,,https://res.cloudinary.com/dy6htecfm/image/upload/v1763396021/bot-da-sieu-min-CaC03-khong-trang-phu-nss-500_rmcp2m.jpg,
1,DINH DƯỠNG THỰC VẬT,1.4,Chất Cải Tạo Đất,Thạch cao nông nghiệp CaSO4.2H2O,,https://res.cloudinary.com/dy6htecfm/image/upload/v1763396100/61d7f45c-216b-4b66-802d-6728c7eb720c_ckbtkp.png,
1,DINH DƯỠNG THỰC VẬT,1.4,Chất Cải Tạo Đất,Bột đá lân phosphate tự nhiên,,https://res.cloudinary.com/dy6htecfm/image/upload/v1763396132/4902ea3f-e769-4b8d-a920-dd5adf7ff870_eqhzhs.png,
1,DINH DƯỠNG THỰC VẬT,1.4,Chất Cải Tạo Đất,Zeolite tự nhiên độ mịn 60-80 mesh,,https://res.cloudinary.com/dy6htecfm/image/upload/v1763396153/Zeolite-Nhat-Bao-20-KG_hmmoqn.jpg,
1,DINH DƯỠNG THỰC VẬT,1.4,Chất Cải Tạo Đất,Vôi dolomite CaMg(CO3)2,,https://res.cloudinary.com/dy6htecfm/image/upload/v1763396191/dolomite1_hfnxiv.jpg,
1,DINH DƯỠNG THỰC VẬT,1.5,Chất Kích Thích Sinh Trưởng Sinh Học,Acid humic 70-80% dạng bột/lỏng,,https://res.cloudinary.com/dy6htecfm/image/upload/v1763396292/humic-acid__1__700e57f0ffe9478c8d2d2fde86a75af2_zb4mdr.png,
1,DINH DƯỠNG THỰC VẬT,1.5,Chất Kích Thích Sinh Trưởng Sinh Học,Acid fulvic 50% dạng lỏng,,https://res.cloudinary.com/dy6htecfm/image/upload/v1763396302/axit-fulvic-50_edoums.jpg,
1,DINH DƯỠNG THỰC VẬT,1.5,Chất Kích Thích Sinh Trưởng Sinh Học,Potassium humate 60% dạng bột,,https://res.cloudinary.com/dy6htecfm/image/upload/v1763396351/fd00f303-f629-4968-acce-10172465eb14_tlppwi.png,
1,DINH DƯỠNG THỰC VẬT,1.5,Chất Kích Thích Sinh Trưởng Sinh Học,Chiết xuất tảo biển Ascophyllum nodosum,,https://res.cloudinary.com/dy6htecfm/image/upload/v1763396351/fd00f303-f629-4968-acce-10172465eb14_tlppwi.png,
1,DINH DƯỠNG THỰC VẬT,1.5,Chất Kích Thích Sinh Trưởng Sinh Học,Amino acid thực vật 25-45%,,https://res.cloudinary.com/dy6htecfm/image/upload/v1763396425/Amino-Promin-45-MKA___media_library_original_800_800_crpi3x.jpg,
1,DINH DƯỠNG THỰC VẬT,1.5,Chất Kích Thích Sinh Trưởng Sinh Học,GA3 (Gibberellic Acid) sinh học,,https://res.cloudinary.com/dy6htecfm/image/upload/v1763396437/Gibberellic-Acid-GA3-5G_ulwfyt.jpg,
1,DINH DƯỠNG THỰC VẬT,1.5,Chất Kích Thích Sinh Trưởng Sinh Học,Chiết xuất nấm men (Yeast extract),,https://res.cloudinary.com/dy6htecfm/image/upload/v1763396486/capture-1353_wj9fu2.jpg,
2,BẢO VỆ THỰC VẬT SINH HỌC,2.1,Thuốc Trừ Sâu Sinh Học,Bacillus thuringiensis var. kurstaki (Bt-k) WP,,https://res.cloudinary.com/dy6htecfm/image/upload/v1763396494/thuoc_tru_sau_sinh_hoc_vbt_usa_20g_e16fe6c9c07f4c1e98a0f1a7ea58754e_grande_y9f69o.jpg,
2,BẢO VỆ THỰC VẬT SINH HỌC,2.1,Thuốc Trừ Sâu Sinh Học,NPV (Nuclear Polyhedrosis Virus) sâu xanh da láng,,https://res.cloudinary.com/dy6htecfm/image/upload/v1763396546/Bia-1_zwsmie.jpg,
2,BẢO VỆ THỰC VẬT SINH HỌC,2.1,Thuốc Trừ Sâu Sinh Học,Beauveria bassiana 10^8 bào tử/ml,,https://res.cloudinary.com/dy6htecfm/image/upload/v1763396555/51T05PMee8L._SL1000__retkc5.jpg,
2,BẢO VỆ THỰC VẬT SINH HỌC,2.1,Thuốc Trừ Sâu Sinh Học,Metarhizium anisopliae 10^8 bào tử/g,,https://res.cloudinary.com/dy6htecfm/image/upload/v1763396602/a3767996-f970-4d85-b065-2591b705170e_lbuf8m.png,
2,BẢO VỆ THỰC VẬT SINH HỌC,2.1,Thuốc Trừ Sâu Sinh Học,Dầu neem (Azadirachtin 300-3000ppm),,https://res.cloudinary.com/dy6htecfm/image/upload/v1763396611/ab0311f0-1fa9-11e9-8702-a7c94cf1bfe9_xjt4hv.jpg,
2,BẢO VỆ THỰC VẬT SINH HỌC,2.1,Thuốc Trừ Sâu Sinh Học,Chiết xuất tỏi Allicin 30%,,https://res.cloudinary.com/dy6htecfm/image/upload/v1763396651/allciline-2737148j29304_xnhsik.webp,
2,BẢO VỆ THỰC VẬT SINH HỌC,2.1,Thuốc Trừ Sâu Sinh Học,Chiết xuất ớt Capsaicin 1-2%,,https://res.cloudinary.com/dy6htecfm/image/upload/v1763396659/sg-11134201-22100-xh0he8624vive0_lw6mdk.jpg,
2,BẢO VỆ THỰC VẬT SINH HỌC,2.1,Thuốc Trừ Sâu Sinh Học,Tinh dầu sả chanh Citronella 10%,,https://res.cloudinary.com/dy6htecfm/image/upload/v1763396762/26581b22-5527-403b-b4b5-8db05c0b8f6f_qlxlea.png,
2,BẢO VỆ THỰC VẬT SINH HỌC,2.1,Thuốc Trừ Sâu Sinh Học,Spinosad từ vi khuẩn Saccharopolyspora,,https://res.cloudinary.com/dy6htecfm/image/upload/v1763396751/uploads_2024_08_26_9229c9c8d10eada99b32ae2e9a2a16db545fe5fd_spinki-25SC_n1qkhp.png,
2,BẢO VỆ THỰC VẬT SINH HỌC,2.2,Thuốc Trừ Bệnh Sinh Học,Trichoderma harzianum 10^7-10^8 bào tử/g,,https://res.cloudinary.com/dy6htecfm/image/upload/v1763396803/3be5e81d-29f8-411c-9400-0d3f1f0af8dd_nrzurx.png,
2,BẢO VỆ THỰC VẬT SINH HỌC,2.2,Thuốc Trừ Bệnh Sinh Học,Bacillus subtilis 10^8 CFU/ml - Phòng trừ bệnh,,https://res.cloudinary.com/dy6htecfm/image/upload/v1763396827/Bacisub-L_1_shf4o9.webp,
2,BẢO VỆ THỰC VẬT SINH HỌC,2.2,Thuốc Trừ Bệnh Sinh Học,Pseudomonas fluorescens 10^8 CFU/ml,,https://res.cloudinary.com/dy6htecfm/image/upload/v1763396845/advance_psedumonas_-_copy_zihthu.jpg,
2,BẢO VỆ THỰC VẬT SINH HỌC,2.2,Thuốc Trừ Bệnh Sinh Học,Bordeaux mixture (đồng sunfat + vôi),,https://res.cloudinary.com/dy6htecfm/image/upload/v1763397116/f7fd2e87-8734-471f-ba0f-7bb422655b87_r45fbg.png,
2,BẢO VỆ THỰC VẬT SINH HỌC,2.2,Thuốc Trừ Bệnh Sinh Học,Lưu huỳnh dạng bột phun 80% WP,,https://res.cloudinary.com/dy6htecfm/image/upload/v1763397126/60ca2eb2-f6f8-41bc-b7ed-bbf150a6fcc7_splycq.png,
2,BẢO VỆ THỰC VẬT SINH HỌC,2.3,Thiết Bị Bẫy & Giám Sát Dịch Hại,Đèn bẫy côn trùng UV 20W-40W,,https://res.cloudinary.com/dy6htecfm/image/upload/v1763397248/ca84842c30f659805cdf028998a804fe_f290oq.jpg,
2,BẢO VỆ THỰC VẬT SINH HỌC,2.3,Thiết Bị Bẫy & Giám Sát Dịch Hại,Bẫy pheromone ruồi vàng Zeugodacus,,https://res.cloudinary.com/dy6htecfm/image/upload/v1763397261/2696d54b27b76f5c578d7efbcb954d85_xpfsze.jpg,
2,BẢO VỆ THỰC VẬT SINH HỌC,2.3,Thiết Bị Bẫy & Giám Sát Dịch Hại,Bẫy vàng dính 25x40cm (20 tấm/xấp),,https://res.cloudinary.com/dy6htecfm/image/upload/v1763397331/4a425f30-206f-48bd-b4d6-42af36a60e18_dcys83.png,
2,BẢO VỆ THỰC VẬT SINH HỌC,2.3,Thiết Bị Bẫy & Giám Sát Dịch Hại,Bẫy xanh dính thrips 25x40cm,,https://res.cloudinary.com/dy6htecfm/image/upload/v1763397341/af816a4c-cb30-4e6a-ae05-2ff99e257767_tos8ja.png,
2,BẢO VỆ THỰC VẬT SINH HỌC,2.3,Thiết Bị Bẫy & Giám Sát Dịch Hại,Keo dính côn trùng chuyên dụng,,https://res.cloudinary.com/dy6htecfm/image/upload/v1763397377/bdc5bfa8bce1ac12eadf203ef7ad34b0.jpg_525x525q80_xnu7b5.jpg,
3,GIỐNG CÂY TRỒNG & VẬT LIỆU NHÂN GIỐNG,3.1,Hạt Giống Rau,Hạt giống rau cải xanh hữu cơ F1,,https://res.cloudinary.com/dy6htecfm/image/upload/v1763397386/hat-giong-cai-be-xanh-mo-752aq-234448-450x450_pkvjr9.jpg,
3,GIỐNG CÂY TRỒNG & VẬT LIỆU NHÂN GIỐNG,3.1,Hạt Giống Rau,Hạt giống cà chua bi/cherry hữu cơ,,https://res.cloudinary.com/dy6htecfm/image/upload/v1763397421/hat-giong-ca-chua-bi-phu-nong_ei3jok.jpg,
3,GIỐNG CÂY TRỒNG & VẬT LIỆU NHÂN GIỐNG,3.1,Hạt Giống Rau,Hạt giống dưa leo/dưa chuột hữu cơ,,https://res.cloudinary.com/dy6htecfm/image/upload/v1763397440/4f2a0361-ab4f-4305-a422-4a8d255d59b0_gkaxc2.png,
3,GIỐNG CÂY TRỒNG & VẬT LIỆU NHÂN GIỐNG,3.1,Hạt Giống Rau,Hạt giống ớt sừng/ớt hiểm hữu cơ,,https://res.cloudinary.com/dy6htecfm/image/upload/v1763397510/107_6645dfb62ed6469f81dfce009f6e11b8_1024x1024_gupfux.png,
3,GIỐNG CÂY TRỒNG & VẬT LIỆU NHÂN GIỐNG,3.1,Hạt Giống Rau,"Hạt giống xà lách các loại (Romaine, Butterhead)",,https://res.cloudinary.com/dy6htecfm/image/upload/v1763397525/0e659cfe-6aea-46ae-8f1f-cc64936225bc_s9cna1.png,
3,GIỐNG CÂY TRỒNG & VẬT LIỆU NHÂN GIỐNG,3.1,Hạt Giống Rau,Hạt giống rau mùi tây parsley hữu cơ,,https://res.cloudinary.com/dy6htecfm/image/upload/v1763397548/7f9815a371bad0d5caf6206fc3d804bb.jpg_kzcvj2.webp,
3,GIỐNG CÂY TRỒNG & VẬT LIỆU NHÂN GIỐNG,3.1,Hạt Giống Rau,Hạt giống húng quế basil hữu cơ,,https://res.cloudinary.com/dy6htecfm/image/upload/v1763397567/hat-giong-que-tay-italy-basil-greenhome-2gr-11-min_diwl5h.webp,
3,GIỐNG CÂY TRỒNG & VẬT LIỆU NHÂN GIỐNG,3.1,Hạt Giống Rau,Hạt giống bí đỏ/bí ngô hữu cơ,,https://res.cloudinary.com/dy6htecfm/image/upload/v1763397578/hat_giong_bi-do_aef782f582b749a8b3d61489b55dfa2c_1024x1024_sh3q31.jpg,
3,GIỐNG CÂY TRỒNG & VẬT LIỆU NHÂN GIỐNG,3.2,Vật Tư Ươm Giống,Khay ươm hạt 50/72/128 lỗ,,https://res.cloudinary.com/dy6htecfm/image/upload/v1763397866/vn-11134207-7r98o-lqwx8lg03fdl4e_vzultk.webp,
3,GIỐNG CÂY TRỒNG & VẬT LIỆU NHÂN GIỐNG,3.2,Vật Tư Ươm Giống,"Túi ươm PE đen 10x15cm, 15x20cm",,https://res.cloudinary.com/dy6htecfm/image/upload/v1763397882/ce5c3390-8237-4777-8434-d6168ef8ac89_kaggdq.png,
3,GIỐNG CÂY TRỒNG & VẬT LIỆU NHÂN GIỐNG,3.2,Vật Tư Ươm Giống,Giá thể xơ dừa Coco Peat 5kg nén,,https://res.cloudinary.com/dy6htecfm/image/upload/v1763397932/59563472-8ef9-45d0-91b2-ed7a1456cbb0_nmi9ei.png,
3,GIỐNG CÂY TRỒNG & VẬT LIỆU NHÂN GIỐNG,3.2,Vật Tư Ươm Giống,Giá thể Perlite size 3-6mm,,https://res.cloudinary.com/dy6htecfm/image/upload/v1763397941/69c41903-1bd4-442b-b9f5-80176439eefb_slq98j.png,
3,GIỐNG CÂY TRỒNG & VẬT LIỆU NHÂN GIỐNG,3.2,Vật Tư Ươm Giống,Phân trùn Vermicompost ươm hạt,,https://res.cloudinary.com/dy6htecfm/image/upload/v1763398008/5f1f1e3f-3015-43be-902a-be611c04d1cf_zcf2bn.png,
3,GIỐNG CÂY TRỒNG & VẬT LIỆU NHÂN GIỐNG,3.2,Vật Tư Ươm Giống,Chậu ươm xơ dừa nén Coco pot,,https://res.cloudinary.com/dy6htecfm/image/upload/v1763398044/80_11b719ea16f24771b9da596cb1005013_1024x1024_s6yque.png,
4,HỆ THỐNG TƯỚI TIÊU,4.1,Tưới Nhỏ Giọt,"Ống nhỏ giọt bù áp 16mm, khoảng cách 20cm/30cm/40cm",,https://res.cloudinary.com/dy6htecfm/image/upload/v1763398157/vn-11134207-7ras8-man1qzzzi5ege2_xo5zui.webp,
4,HỆ THỐNG TƯỚI TIÊU,4.1,Tưới Nhỏ Giọt,Ống nhỏ giọt thường 16mm không bù áp,,https://res.cloudinary.com/dy6htecfm/image/upload/v1763398171/65b917da-6c73-4b25-9b4c-eb34cb26c032_pdwnkk.png,
4,HỆ THỐNG TƯỚI TIÊU,4.1,Tưới Nhỏ Giọt,"Ống mềm PE 16mm/20mm (cuộn 100m, 200m)",,https://res.cloudinary.com/dy6htecfm/image/upload/v1763398209/day-tuoi-dlpe_-1-700x700_ao0cyv.jpg,
4,HỆ THỐNG TƯỚI TIÊU,4.1,Tưới Nhỏ Giọt,Đầu nhỏ giọt điều chỉnh 2-8 lít/giờ,,https://res.cloudinary.com/dy6htecfm/image/upload/v1763398218/20180606110949HTB1ka9Uk8DH8KJjSszcq6zDTFXaW_twjsyc.jpg,
4,HỆ THỐNG TƯỚI TIÊU,4.1,Tưới Nhỏ Giọt,Đầu nhỏ giọt cắm gốc 4 lít/giờ,,https://res.cloudinary.com/dy6htecfm/image/upload/v1763398284/408997bc-77ea-4c1c-8bc9-f3371cd7e97a_hgjpgq.png,
4,HỆ THỐNG TƯỚI TIÊU,4.1,Tưới Nhỏ Giọt,Đầu phun sương 360° cho ươm giống,,https://res.cloudinary.com/dy6htecfm/image/upload/v1763398291/0026551_dau-tuoi-xoay-phun-mua-tm-323-bec-bo-tuoi-xoay-360-kem-chan-de_qilcaf.jpg,
4,HỆ THỐNG TƯỚI TIÊU,4.1,Tưới Nhỏ Giọt,"Tê nối ống 16mm chữ I, chữ T, chữ L",,https://res.cloudinary.com/dy6htecfm/image/upload/v1763398328/10c80e93-abd9-4e5d-97dd-da4fed7b7110_l2hvyc.png,
4,HỆ THỐNG TƯỚI TIÊU,4.1,Tưới Nhỏ Giọt,"Van khóa ống 16mm, 20mm, 25mm",,https://res.cloudinary.com/dy6htecfm/image/upload/v1763398351/khoa-khoi-thuy-nho-giot-ong-ldpe-16-20mm_vdenzu.jpg,
4,HỆ THỐNG TƯỚI TIÊU,4.1,Tưới Nhỏ Giọt,Đầu bịt ống 16mm,,https://res.cloudinary.com/dy6htecfm/image/upload/v1763398371/nut-bit-16mm-2_ksxyui.jpg,
4,HỆ THỐNG TƯỚI TIÊU,4.1,Tưới Nhỏ Giọt,Bộ kit tưới ban công 10m/20m,,https://res.cloudinary.com/dy6htecfm/image/upload/v1763398396/f747bc12-1c44-41d1-bd19-c772fd9c747f_xcwmiy.png,
4,HỆ THỐNG TƯỚI TIÊU,4.1,Tưới Nhỏ Giọt,Bộ kit tưới vườn rau 50m2,,https://res.cloudinary.com/dy6htecfm/image/upload/v1763398421/tron-bo-phun-suong-12-bec-cho-vuon-cay-vuon-rau-vuon-lan-khong-can-may-bom_thietbiphuntuoi24h_2_s3nwyq.jpg,
4,HỆ THỐNG TƯỚI TIÊU,4.2,Tưới Phun Mưa,Béc phun mưa tĩnh 90°/180°/270°/360°,,https://res.cloudinary.com/dy6htecfm/image/upload/v1763398458/0022616_dau-tuoi-xoe-90-180-360-btx-913-bec-phun-suong-bo-tuoi-xoe-phun-mua-90-180-360-do_ntscoh.jpg,
4,HỆ THỐNG TƯỚI TIÊU,4.2,Tưới Phun Mưa,Béc phun sương Fogger 60 lít/giờ,,https://res.cloudinary.com/dy6htecfm/image/upload/v1763398489/bec-tuoi-phun-suong-outlet-fogger-4-pvc-ren-21-khi-phun__2__08e4fd359b9c4a09abb3422b08a3ac6c_master_qy6eur.jpg,
4,HỆ THỐNG TƯỚI TIÊU,4.3,Thiết Bị Bơm & Lọc Nước,Máy bơm nước năng lượng mặt trời 500W-2000W,,https://res.cloudinary.com/dy6htecfm/image/upload/v1763398587/093b8636-3e6e-4b2e-8356-bd696a792492_m8z3vp.png,
4,HỆ THỐNG TƯỚI TIÊU,4.3,Thiết Bị Bơm & Lọc Nước,Máy bơm tăng áp tự động Panasonic 125W,,https://res.cloudinary.com/dy6htecfm/image/upload/v1763398600/may-bom-tang-ap-a-130jak-768x768_ncorud.jpg,
4,HỆ THỐNG TƯỚI TIÊU,4.3,Thiết Bị Bơm & Lọc Nước,Máy bơm nước biến tần Hitachi WM-P250GX2,,https://res.cloudinary.com/dy6htecfm/image/upload/v1763398622/165VNWM-P250GX2_01_wcxevw.jpg,
4,HỆ THỐNG TƯỚI TIÊU,4.3,Thiết Bị Bơm & Lọc Nước,"Máy bơm chìm nước sạch 1HP, 2HP",,https://res.cloudinary.com/dy6htecfm/image/upload/v1763398635/may-bom-chim-2hp_vnxfje.jpg,
4,HỆ THỐNG TƯỚI TIÊU,4.3,Thiết Bị Bơm & Lọc Nước,"Bộ lọc đĩa 1"", 2"" lưu lượng 3-10m3/h",,https://res.cloudinary.com/dy6htecfm/image/upload/v1763398707/30-1_mmzar2.png,
4,HỆ THỐNG TƯỚI TIÊU,4.3,Thiết Bị Bơm & Lọc Nước,Bộ lọc rác inox 304 lưới 40 mesh,,https://res.cloudinary.com/dy6htecfm/image/upload/v1763398736/luoi-inox-40-mesh-0_zfvnmq.png,
4,HỆ THỐNG TƯỚI TIÊU,4.3,Thiết Bị Bơm & Lọc Nước,Thiết bị bơm phân hòa tan Venturi,,https://res.cloudinary.com/dy6htecfm/image/upload/v1763398767/Cham-phan-venturi2_r4unmi.jpg,
4,HỆ THỐNG TƯỚI TIÊU,4.4,Hệ Thống Điều Khiển Tưới,Bộ điều khiển tưới tự động 4 zone/6 zone/8 zone,,https://res.cloudinary.com/dy6htecfm/image/upload/v1763398847/823da180-7768-4d12-9eeb-3f22ba7d8c93_bn6tbs.png,
4,HỆ THỐNG TƯỚI TIÊU,4.4,Hệ Thống Điều Khiển Tưới,"Van điện từ 1"" AC/DC 9V/12V/24V",,https://res.cloudinary.com/dy6htecfm/image/upload/v1763398822/e46e96cd-b7ae-47d4-8f9a-a901ab646d20_kl9mp7.png,
4,HỆ THỐNG TƯỚI TIÊU,4.4,Hệ Thống Điều Khiển Tưới,Cảm biến độ ẩm đất 4-20mA analog,,https://res.cloudinary.com/dy6htecfm/image/upload/v1763399361/118_oifjrm.png,
4,HỆ THỐNG TƯỚI TIÊU,4.4,Hệ Thống Điều Khiển Tưới,Cảm biến mưa Hunter Rain-Clik,,https://res.cloudinary.com/dy6htecfm/image/upload/v1763399376/download_ltwhzz.jpg,
4,HỆ THỐNG TƯỚI TIÊU,4.4,Hệ Thống Điều Khiển Tưới,Van điện từ phun sương AC 220V,,https://res.cloudinary.com/dy6htecfm/image/upload/v1763399398/z658479514_qxa1us.jpg,
4,HỆ THỐNG TƯỚI TIÊU,4.4,Hệ Thống Điều Khiển Tưới,Bộ timer tưới 16 chương trình,,https://res.cloudinary.com/dy6htecfm/image/upload/v1763399427/b64eab61-42ce-4044-a81b-5aab4f21c0ca_mv0nnd.png,
4,HỆ THỐNG TƯỚI TIÊU,4.4,Hệ Thống Điều Khiển Tưới,Bộ điều khiển tưới Wifi/4G kết nối app,,https://res.cloudinary.com/dy6htecfm/image/upload/v1763399453/B%E1%BB%99-%C4%91i%E1%BB%81u-khi%E1%BB%83n-b%E1%BA%ADt-t%E1%BA%AFt-m%C3%A1y-b%C6%A1m-t%E1%BB%AB-xa-qua-%C4%91i%E1%BB%87n-tho%E1%BA%A1i-app-wifi-c%C3%B3-h%E1%BA%B9n-gi%E1%BB%9D-ATA_y7jptg.jpg,
4,HỆ THỐNG TƯỚI TIÊU,4.5,Phụ Kiện Tưới Tiêu,"Ống PE phi 16mm, 20mm, 25mm, 32mm (cuộn 100m)",,https://res.cloudinary.com/dy6htecfm/image/upload/v1763399489/vn-11134207-7r98o-lq488mc9efv65d_tk6vfd.webp,
4,HỆ THỐNG TƯỚI TIÊU,4.5,Phụ Kiện Tưới Tiêu,"Ống PVC phi 21mm, 27mm, 34mm, 42mm (4m/6m thanh)",,https://res.cloudinary.com/dy6htecfm/image/upload/v1763399529/ong_pvc_bm_iapwsp.png,
4,HỆ THỐNG TƯỚI TIÊU,4.5,Phụ Kiện Tưới Tiêu,"Tê nối PE 16mm, 20mm, 25mm",,https://res.cloudinary.com/dy6htecfm/image/upload/v1763399500/b1f7a6d101c4970892fc8151c668f2f1.jpg_aq6ync.webp,
4,HỆ THỐNG TƯỚI TIÊU,4.5,Phụ Kiện Tưới Tiêu,"Phụ kiện kẹp PE 16mm, 20mm, 25mm",,https://res.cloudinary.com/dy6htecfm/image/upload/v1763399567/vn-11134207-7r98o-llyqltwsi12734_nd5equ.webp,
4,HỆ THỐNG TƯỚI TIÊU,4.5,Phụ Kiện Tưới Tiêu,"Van bi PVC 21mm, 27mm, 34mm",,https://res.cloudinary.com/dy6htecfm/image/upload/v1763399559/Van-khoa-nuoc-BM.png6__qc3xub.png,
4,HỆ THỐNG TƯỚI TIÊU,4.5,Phụ Kiện Tưới Tiêu,"Van bi inox 304 ren 1/2"", 3/4"", 1""",,https://res.cloudinary.com/dy6htecfm/image/upload/v1763399590/van-bi-mini-inox-304-9_b5bb2905c7a94dc6aca61741bf1aead3_vhw46s.jpg,
4,HỆ THỐNG TƯỚI TIÊU,4.5,Phụ Kiện Tưới Tiêu,"Đồng hồ đo nước 1/2"", 3/4""",,https://res.cloudinary.com/dy6htecfm/image/upload/v1763399601/dong-ho-koamx-than-gang-dn20-1_bkuxdu.jpg,
5,CÔNG NGHỆ & THIẾT BỊ THÔNG MINH,5.1,Thiết Bị Giám Sát,Cảm biến nhiệt độ độ ẩm không khí SHT20/DHT22,,https://res.cloudinary.com/dy6htecfm/image/upload/v1763399612/module-cam-bien-do-am-nhiet-do-dht22-5cl3-4_vvfxxu.jpg,
5,CÔNG NGHỆ & THIẾT BỊ THÔNG MINH,5.1,Thiết Bị Giám Sát,Cảm biến pH đất pH-4502C (0-14 pH),,https://res.cloudinary.com/dy6htecfm/image/upload/v1763399629/cam-bien-do-do-ph-pq8f-5_xcrfzd.jpg,
5,CÔNG NGHỆ & THIẾT BỊ THÔNG MINH,5.1,Thiết Bị Giám Sát,Cảm biến EC đất EC-5 (0-20 mS/cm),,https://res.cloudinary.com/dy6htecfm/image/upload/v1763399645/cam-bien-nhiet-do-do-am-dat-9_aee7ae.png,
5,CÔNG NGHỆ & THIẾT BỊ THÔNG MINH,5.1,Thiết Bị Giám Sát,Cảm biến độ ẩm đất Capacitive (0-100%),,https://res.cloudinary.com/dy6htecfm/image/upload/v1763399657/cam-bien-do-am-dat-m9bi-3_aoeybx.jpg,
5,CÔNG NGHỆ & THIẾT BỊ THÔNG MINH,5.1,Thiết Bị Giám Sát,"Cảm biến ánh sáng lux meter 0-200,000 Lux",,https://res.cloudinary.com/dy6htecfm/image/upload/v1763399671/8baa0b48e772b70af211fd07bd949bae.jpg_960x960q80.jpg__mpphjj.webp,
5,CÔNG NGHỆ & THIẾT BỊ THÔNG MINH,5.1,Thiết Bị Giám Sát,Cảm biến mưa Rain Sensor,,https://res.cloudinary.com/dy6htecfm/image/upload/v1763399683/z6552644132_itanzl.webp,
5,CÔNG NGHỆ & THIẾT BỊ THÔNG MINH,5.2,Hệ Thống IoT & Tự Động Hóa,Trạm thời tiết nông nghiệp 7 in 1 Wifi/4G,,https://res.cloudinary.com/dy6htecfm/image/upload/v1763399703/All-in-one-Solar-ultrasonic-weather-station-for-small-farm-irrigation-systems01-1_lvfqqp.webp,
5,CÔNG NGHỆ & THIẾT BỊ THÔNG MINH,5.2,Hệ Thống IoT & Tự Động Hóa,Relay 8 kênh 220VAC/30A điều khiển thiết bị,,https://res.cloudinary.com/dy6htecfm/image/upload/v1763399715/tc002465-module-relay-8-kenh-5v-10_amituo.webp,
5,CÔNG NGHỆ & THIẾT BỊ THÔNG MINH,5.2,Hệ Thống IoT & Tự Động Hóa,Bộ nguồn 12VDC/24VDC 5A ổn áp,,https://res.cloudinary.com/dy6htecfm/image/upload/v1763400164/nguon-24-vdc-wago-2857-2144-chinh-hang-nhap-khau-duc_efzxxc.jpg,
5,CÔNG NGHỆ & THIẾT BỊ THÔNG MINH,5.2,Hệ Thống IoT & Tự Động Hóa,Ắc quy gel 12V 100Ah lưu trữ điện,,https://res.cloudinary.com/dy6htecfm/image/upload/v1763400175/12100ah_i01equ.webp,
6,MÁY MÓC & DỤNG CỤ,6.1,Máy Móc Nhỏ,Máy xới đất mini Honda GX200 6.5HP,,https://res.cloudinary.com/dy6htecfm/image/upload/v1763400275/may-xoi-dat-mini-honda-gx200-65hp_z42vnv.jpg,
6,MÁY MÓC & DỤNG CỤ,6.1,Máy Móc Nhỏ,Máy phun thuốc động cơ Honda GX35 25 lít,,https://res.cloudinary.com/dy6htecfm/image/upload/v1763400289/untitled2323a1aaaaaz_ppruee.png,
6,MÁY MÓC & DỤNG CỤ,6.1,Máy Móc Nhỏ,Máy phun sương khử trùng ULV 16 lít,,https://res.cloudinary.com/dy6htecfm/image/upload/v1763400325/unnamed__1__5562cf1762ed442faf7e167d4ab78ccc_master_yrk7f3.png,
6,MÁY MÓC & DỤNG CỤ,6.1,Máy Móc Nhỏ,Máy phun phân bón lá điện 16 lít,,https://res.cloudinary.com/dy6htecfm/image/upload/v1763400366/than-may-phun-thuoc-16l-dung-pin-20v-total-tspli2016-nen-1744809316-_fin9e8.jpg,
6,MÁY MÓC & DỤNG CỤ,6.1,Máy Móc Nhỏ,Máy gieo hạt 4 hàng đẩy tay,,https://res.cloudinary.com/dy6htecfm/image/upload/v1763400381/may_gieo_hat_ngo_999_master_c6ahjq.jpg,
6,MÁY MÓC & DỤNG CỤ,6.2,Dụng Cụ Cầm Tay,Cuốc xới đất cán gỗ đầu inox,,https://res.cloudinary.com/dy6htecfm/image/upload/v1763400394/1_jw3ogv.jpg,
6,MÁY MÓC & DỤNG CỤ,6.2,Dụng Cụ Cầm Tay,Xẻng múc đất mũi vuông/mũi nhọn,,https://res.cloudinary.com/dy6htecfm/image/upload/v1763400424/tolsen-58002_pm1ul3.webp,
6,MÁY MÓC & DỤNG CỤ,6.2,Dụng Cụ Cầm Tay,Cào ba chạc cán gỗ,,https://res.cloudinary.com/dy6htecfm/image/upload/v1763400436/Cao-ba-chia-can-go-lon-HM098_nt54ve.png,
6,MÁY MÓC & DỤNG CỤ,6.2,Dụng Cụ Cầm Tay,"Kéo cắt cành Tramontina 8""",,https://res.cloudinary.com/dy6htecfm/image/upload/v1763400450/78345125PNM001G_jg1jbm.png,
6,MÁY MÓC & DỤNG CỤ,6.2,Dụng Cụ Cầm Tay,Kéo cắt tỉa Okatsune 103,,https://res.cloudinary.com/dy6htecfm/image/upload/v1763400462/20cm__3__grande_buqsop.png,
6,MÁY MÓC & DỤNG CỤ,6.2,Dụng Cụ Cầm Tay,Cưa cành gập Silky Gomboy 240mm,,https://res.cloudinary.com/dy6htecfm/image/upload/v1763400495/83e44d5b-bd51-45fc-bb55-70561d7fbd77_bfeg37.png,
6,MÁY MÓC & DỤNG CỤ,6.2,Dụng Cụ Cầm Tay,Dao rọc cành ghép Felco 3.90/50,,https://res.cloudinary.com/dy6htecfm/image/upload/v1763400525/Dao-chiet-ghep-canh-FELCO-3.90-50_hvqjye.png,
6,MÁY MÓC & DỤNG CỤ,6.2,Dụng Cụ Cầm Tay,Băng ghép cành Buddy Tape 2cm,,https://res.cloudinary.com/dy6htecfm/image/upload/v1763400549/-uploaded-san-pham-Buddy_tape_01_cr_600x400_nr2toa.jpg,
6,MÁY MÓC & DỤNG CỤ,6.2,Dụng Cụ Cầm Tay,Bình phun thuốc thủ công 1-2 lít,,https://res.cloudinary.com/dy6htecfm/image/upload/v1763400569/cac-loai-binh-phun-thuoc-sau_fswy78.jpg,
6,MÁY MÓC & DỤNG CỤ,6.2,Dụng Cụ Cầm Tay,Bình tưới nước 5 lít đầu sen,,https://res.cloudinary.com/dy6htecfm/image/upload/v1763400585/vn-11134207-7qukw-lgd2epwcp4yy3c_u6rj1g.jpg,
6,MÁY MÓC & DỤNG CỤ,6.2,Dụng Cụ Cầm Tay,Găng tay làm vườn chống gai,,https://res.cloudinary.com/dy6htecfm/image/upload/v1763400597/O1CN018P8P2q2EE935tLuAI__1968008712.jpg_400x400.jpg__u8a78a.avif,
6,MÁY MÓC & DỤNG CỤ,6.3,Thiết Bị Đo Lường,Máy đo đường Brix refractometer 0-32%,,https://res.cloudinary.com/dy6htecfm/image/upload/v1763400610/0b8053a5c8f450d4d6c40b5090176198.jpg_720x720q80_diotn8.jpg,
6,MÁY MÓC & DỤNG CỤ,6.3,Thiết Bị Đo Lường,Cân điện tử 0.01g-5kg,,https://res.cloudinary.com/dy6htecfm/image/upload/v1763400625/mt3002c_ld07ui.jpg,
6,MÁY MÓC & DỤNG CỤ,6.3,Thiết Bị Đo Lường,Thước đo pH đất que cắm 3 in 1,,https://res.cloudinary.com/dy6htecfm/image/upload/v1763400640/0019725_may-do-ph-co-ph-31v-dung-cu-do-do-ph-dat-3-trong-1-que-thu-ph-do-am-anh-sang_diyqn2.jpg,
6,MÁY MÓC & DỤNG CỤ,6.3,Thiết Bị Đo Lường,Nhiệt kế đất hiển thị số 0-50°C,,https://res.cloudinary.com/dy6htecfm/image/upload/v1763400656/149647572523714-hai-phong_yzceck.jpg,
7,AN TOÀN LAO ĐỘNG & KIỂM TRA CƠ BẢN,7.1,Bộ Test Nhanh Cơ Bản,Bộ test pH/EC đất 40 mẫu,,https://res.cloudinary.com/dy6htecfm/image/upload/v1763400670/do-pH-da-voi-may-Hi98331_ovpabk.jpg,
7,AN TOÀN LAO ĐỘNG & KIỂM TRA CƠ BẢN,7.1,Bộ Test Nhanh Cơ Bản,Bộ test NPK đất 20 mẫu,,https://res.cloudinary.com/dy6htecfm/image/upload/v1763400699/hanna-hi3895-1_hvmgmy.jpg,
7,AN TOÀN LAO ĐỘNG & KIỂM TRA CƠ BẢN,7.1,Bộ Test Nhanh Cơ Bản,Test kit Nitrate/Nitrite trong rau,,https://res.cloudinary.com/dy6htecfm/image/upload/v1763400715/0kuus1p408vpy6tbd1xr-533x400_ekdnuk.jpg,
7,AN TOÀN LAO ĐỘNG & KIỂM TRA CƠ BẢN,7.1,Bộ Test Nhanh Cơ Bản,Bộ test nhanh thuốc trừ sâu 5 loại,,https://res.cloudinary.com/dy6htecfm/image/upload/v1763400734/KIT-kiem-tra-nhanh-thuoc-tru-sau-VPR10-web1c_hvor21.jpg,
7,AN TOÀN LAO ĐỘNG & KIỂM TRA CƠ BẢN,7.2,Bảo Hộ Lao Động,Quần áo bảo hộ phun thuốc toàn thân,,https://res.cloudinary.com/dy6htecfm/image/upload/v1763400930/quan-ao-bao-ho-phun-thuoc-tru-sau-_1_flwepd.webp,
7,AN TOÀN LAO ĐỘNG & KIỂM TRA CƠ BẢN,7.2,Bảo Hộ Lao Động,Khẩu trang 3M N95/KN95 lọc bụi,,https://res.cloudinary.com/dy6htecfm/image/upload/v1763400978/khau-trang-3m-9501-kn95_xmgxet.webp,
7,AN TOÀN LAO ĐỘNG & KIỂM TRA CƠ BẢN,7.2,Bảo Hộ Lao Động,Kính bảo hộ chống hóa chất,,https://res.cloudinary.com/dy6htecfm/image/upload/v1763401014/php-16237141210_tpttfc.jpg,
7,AN TOÀN LAO ĐỘNG & KIỂM TRA CƠ BẢN,7.2,Bảo Hộ Lao Động,Ủng cao su chống hóa chất,,https://res.cloudinary.com/dy6htecfm/image/upload/v1763401001/ung-bao-ho-gia-qua-phai-chang_q8ow0g.jpg,
7,AN TOÀN LAO ĐỘNG & KIỂM TRA CƠ BẢN,7.2,Bảo Hộ Lao Động,Mũ bảo hộ nhựa ABS,,https://res.cloudinary.com/dy6htecfm/image/upload/v1763401037/mu-cach-dien-thoang-khi-chat-lieu-nhua-abs-12_d8e6683fe8dc41b9a1d6c643b1d2139b_1024x1024_ua7rqz.jpg,
8,VẬT LIỆU PHỦ & CHE CHẮN,8.1,Màng Phủ,Rơm khô đóng bành 15-20kg,,https://res.cloudinary.com/dy6htecfm/image/upload/v1763401062/vn-11134207-7ras8-m44sh7i7btu797_g0jiro.webp,
8,VẬT LIỆU PHỦ & CHE CHẮN,8.1,Màng Phủ,Vỏ trấu khô 50 lít/bao,,https://res.cloudinary.com/dy6htecfm/image/upload/v1763401078/vo-trau-tuoi-8f47daab-f8f4-40b8-a08a-a03a51caa9ad_t7ncyg.webp,
8,VẬT LIỆU PHỦ & CHE CHẮN,8.1,Màng Phủ,Thảm phủ vải không dệt đen 1.6m,,https://res.cloudinary.com/dy6htecfm/image/upload/v1763401132/6304.99.00.99_yzlj77.jpg,
8,VẬT LIỆU PHỦ & CHE CHẮN,8.1,Màng Phủ,"Túi vải trồng cây 30x30cm, 40x40cm",,https://res.cloudinary.com/dy6htecfm/image/upload/v1763401144/z3751201226587_dae8032410a38b5ad292cffb02de5ab8-510x510_drosfx.jpg,
8,VẬT LIỆU PHỦ & CHE CHẮN,8.2,Lưới Che Chắn,Lưới che nắng 70% đen HDPE 4m rộng,,https://res.cloudinary.com/dy6htecfm/image/upload/v1763401221/images_uacebd.jpg,
8,VẬT LIỆU PHỦ & CHE CHẮN,8.2,Lưới Che Chắn,Lưới chắn côn trùng 40 mesh (lỗ 0.6mm),,https://res.cloudinary.com/dy6htecfm/image/upload/v1763401241/image-20240925132759-4_w2f1z9.jpg,
8,VẬT LIỆU PHỦ & CHE CHẮN,8.2,Lưới Che Chắn,Lưới chắn chim 2cm x 2cm nylon,,https://res.cloudinary.com/dy6htecfm/image/upload/v1763401269/Bird-Mist-Nets-Anti-Netting-Mesh-Black-Nylon-PE-Plastic-Knitted-HDPE-Catch-Bat-45mm-Foot-for-Agriculture-Garden_utdmel.avif,
8,VẬT LIỆU PHỦ & CHE CHẮN,8.2,Lưới Che Chắn,Lưới chắn gió HDPE 50-70%,,https://res.cloudinary.com/dy6htecfm/image/upload/v1763401282/HDPE-Privacy-Fence-Fabric-Screen-Mesh-Plastic-Wind-Breaker-Net-for-Patio-Garden_wrmzgw.avif,
8,VẬT LIỆU PHỦ & CHE CHẮN,8.2,Lưới Che Chắn,Lưới làm giàn leo 10cm x 10cm,,https://res.cloudinary.com/dy6htecfm/image/upload/v1763401305/vn-11134207-820l4-meziv7dty3nua8_upvqzw.jpg,
8,VẬT LIỆU PHỦ & CHE CHẮN,8.3,Vải Địa Kỹ Thuật & Phụ Kiện,Vải địa kỹ thuật đen chống cỏ 100g/m2 (1m x 100m),,https://res.cloudinary.com/dy6htecfm/image/upload/v1763402289/0032615_vai-khong-det-phu-goc-chong-co-giu-am-vkd-80g-mang-trai-diet-co-dai-vai-bat-chong-co_510_brj5qs.jpg,
8,VẬT LIỆU PHỦ & CHE CHẮN,8.3,Vải Địa Kỹ Thuật & Phụ Kiện,Vải không dệt trắng phủ gốc 50g/m2,,https://res.cloudinary.com/dy6htecfm/image/upload/v1763402304/fb0097247afcdba282ed-e1721036595849-500x500_opwffo.jpg,
8,VẬT LIỆT PHỦ & CHE CHẮN,8.3,Vải Địa Kỹ Thuật & Phụ Kiện,Vải bạt che nắng mưa PE tarpaulin,,https://res.cloudinary.com/dy6htecfm/image/upload/v1763402322/bat-che-tarpaulin-xe-tai_pgxm0d.webp,
8,VẬT LIỆU PHỦ & CHE CHẮN,8.3,Vải Địa Kỹ Thuật & Phụ Kiện,Màng PE nhà kính 200 micron UV 3-5 năm,,https://res.cloudinary.com/dy6htecfm/image/upload/v1763402339/mang-nha-kinh-politiv_xshvvz.jpg,
9,BAO BÌ & BẢO QUẢN,9.1,Bao Bì Sinh Học,"Túi giấy kraft nâu 1kg, 2kg, 5kg có quai",,https://res.cloudinary.com/dy6htecfm/image/upload/v1763402354/tui-giay-kraft-mong-quai-coi-dan_utpanj.png,
9,BAO BÌ & BẢO QUẢN,9.1,Bao Bì Sinh Học,Hộp giấy kraft tái chế 15x15x10cm,,https://res.cloudinary.com/dy6htecfm/image/upload/v1763402369/untitled-1-02_18ee162eb5694638a7f07b921c33081c_1d5140b1badb4138a7623858c711822c_master_ljwbrv.jpg,
9,BAO BÌ & BẢO QUẢN,9.1,Bao Bì Sinh Học,Hộp giấy carton sóng 3 lớp 40x30x20cm,,https://res.cloudinary.com/dy6htecfm/image/upload/v1763402388/Hop-40x30x20-3_nqozv3.jpg,
9,BAO BÌ & BẢO QUẢN,9.1,Bao Bì Sinh Học,Khay mía đựng rau 500g-1kg,,https://res.cloudinary.com/dy6htecfm/image/upload/v1763402402/khay-ba-mia-biogreen_c2yuny.png,
9,BAO BÌ & BẢO QUẢN,9.1,Bao Bì Sinh Học,Băng keo giấy kraft 48mm x 50m,,https://res.cloudinary.com/dy6htecfm/image/upload/v1763402421/bang-keo-giay-kraft-1_1722480815.jpg_pyxmuy.webp,
9,BAO BÌ & BẢO QUẢN,9.2,Thiết Bị Bảo Quản & Sơ Chế Nhỏ,Thùng xốp bảo ôn 50 lít-100 lít,,https://res.cloudinary.com/dy6htecfm/image/upload/v1763402469/original_images_1QAX29PCQPAQ4F0EZFZOPY7Q_rom52p.jpg,
9,BAO BÌ & BẢO QUẢN,9.2,Thiết Bị Bảo Quản & Sơ Chế Nhỏ,"Túi zip PE thực phẩm 10x15cm, 15x20cm",,https://res.cloudinary.com/dy6htecfm/image/upload/v1763402483/Zip-Chi-Do-3.jpg_uu0jc6.webp,
9,BAO BÌ & BẢO QUẢN,9.2,Thiết Bị Bảo Quản & Sơ Chế Nhỏ,Thùng nhựa rỗng thông gió 56 lít,,https://res.cloudinary.com/dy6htecfm/image/upload/v1763402500/THUNG-NHUA-RONG-HS022-xanh-duong_cimbok.jpg,
9,BAO BÌ & BẢO QUẢN,9.2,Thiết Bị Bảo Quản & Sơ Chế Nhỏ,Túi hút chân không PA/PE 20x30cm,,https://res.cloudinary.com/dy6htecfm/image/upload/v1763402515/tui-pa-pe-hut-chan-khong_e8vt5z.jpg,
10,VẬT LIỆU TRỒNG TRỌT & GIÁ ĐỠ,10.1,Giàn Trồng & Giá Đỡ,Lưới leo nhựa 10cm x 10cm (1.8m x 5m),,https://res.cloudinary.com/dy6htecfm/image/upload/v1763402776/vn-11134207-7ra0g-m87t55el7errcc_rmxdai.jpg,
10,VẬT LIỆU TRỒNG TRỌT & GIÁ ĐỠ,10.1,Giàn Trồng & Giá Đỡ,Dây buộc cây sinh học phân hủy,,https://res.cloudinary.com/dy6htecfm/image/upload/v1763402801/avery-bio-650_n0j6eq.jpg,
10,VẬT LIỆU TRỒNG TRỌT & GIÁ ĐỠ,10.1,Giàn Trồng & Giá Đỡ,Dây PE bọc foam buộc cây,,https://res.cloudinary.com/dy6htecfm/image/upload/v1763402838/cuon-bang-buoc-pe-3-mau-xanh-do-trang-z_zgniky.jpg,
10,VẬT LIỆU TRỒNG TRỌT & GIÁ ĐỠ,10.1,Giàn Trồng & Giá Đỡ,Kẹp nhựa cố định cây vào giàn,,https://res.cloudinary.com/dy6htecfm/image/upload/v1763402912/kep-nhua-than-cay-2_qsdcym.jpg,
10,VẬT LIỆU TRỒNG TRỌT & GIÁ ĐỠ,10.2,Phụ Kiện Thủy Canh Cơ Bản,Bơm nước thủy canh 35W-55W,,https://res.cloudinary.com/dy6htecfm/image/upload/v1763402877/vn-11134207-7r98o-lv5jf82kyzg99e_zfccwr.jpg,
10,VẬT LIỆU TRỒNG TRỌT & GIÁ ĐỠ,10.2,Phụ Kiện Thủy Canh Cơ Bản,Máy sục khí oxy 35L/phút 2 vòi,,https://res.cloudinary.com/dy6htecfm/image/upload/v1763402944/May-suc-khi-Jecod_g9jclq.jpg,
10,VẬT LIỆU TRỒNG TRỌT & GIÁ ĐỠ,10.2,Phụ Kiện Thủy Canh Cơ Bản,Đá sục khí dạng trụ/đĩa,,https://res.cloudinary.com/dy6htecfm/image/upload/v1763402962/bao-gia-dia-suc-khi-da-tia-moi-nhat-www.micoeco.com__kvss8q.png,
10,VẬT LIỆU TRỒNG TRỌT & GIÁ ĐỠ,10.2,Phụ Kiện Thủy Canh Cơ Bản,Chậu trồng thủy canh net pot 5cm-10cm,,https://res.cloudinary.com/dy6htecfm/image/upload/v1763402982/ro-thuy-canh-trong-rau_jcpl5x.png,
10,VẬT LIỆU TRỒNG TRỌT & GIÁ ĐỠ,10.2,Phụ Kiện Thủy Canh Cơ Bản,Bồn chứa dung dịch 100-500 lít PE,,https://res.cloudinary.com/dy6htecfm/image/upload/v1763402997/Capture3_ic0lq0.png,